{"cameraMode":{"drawMode":0,"name":"Shaded","section":"Shading Mode"},"sceneLighting":false,"audioPlay":false,"sceneViewState":{"m_AlwaysRefresh":false,"showFog":true,"showSkybox":false,"showFlares":true,"showImageEffects":true,"showParticleSystems":true,"showVisualEffectGraphs":true,"m_FxEnabled":true},"in2DMode":false,"pivot":{"x":3.121530055999756,"y":0.33571887016296389,"z":8.032114028930664},"rotation":{"x":0.003812928218394518,"y":0.9865375757217407,"z":-0.16306693851947785,"w":0.023082265630364419},"size":1.2856934070587159,"orthographic":false}