{"cameraMode":{"drawMode":0,"name":"Shaded","section":"Shading Mode"},"sceneLighting":false,"audioPlay":false,"sceneViewState":{"m_AlwaysRefresh":false,"showFog":true,"showSkybox":false,"showFlares":true,"showImageEffects":true,"showParticleSystems":true,"showVisualEffectGraphs":true,"m_FxEnabled":true},"in2DMode":false,"pivot":{"x":0.0001754164695739746,"y":0.03275728225708008,"z":-2.9802322387695315e-8},"rotation":{"x":0.028830818831920625,"y":0.9655038714408875,"z":-0.1211266964673996,"w":0.22950585186481477},"size":0.716789960861206,"orthographic":false}